-- phpMyAdmin SQL Dump
-- version 5.0.2
-- https://www.phpmyadmin.net/
--
-- Host: localhost:3306
-- Generation Time: Jun 25, 2020 at 10:12 AM
-- Server version: 8.0.20
-- PHP Version: 7.4.7

SET SQL_MODE = "NO_AUTO_VALUE_ON_ZERO";
START TRANSACTION;
SET time_zone = "+00:00";


/*!40101 SET @OLD_CHARACTER_SET_CLIENT=@@CHARACTER_SET_CLIENT */;
/*!40101 SET @OLD_CHARACTER_SET_RESULTS=@@CHARACTER_SET_RESULTS */;
/*!40101 SET @OLD_COLLATION_CONNECTION=@@COLLATION_CONNECTION */;
/*!40101 SET NAMES utf8mb4 */;

--
-- Database: `subject_tree`
--

-- --------------------------------------------------------

--
-- Table structure for table `lesson`
--

CREATE TABLE `lesson` (
  `lesson_id` int NOT NULL,
  `subject_id` int NOT NULL,
  `lesson_name` varchar(45) CHARACTER SET utf8mb4 COLLATE utf8mb4_general_ci NOT NULL
) ENGINE=InnoDB DEFAULT CHARSET=utf8mb4 COLLATE=utf8mb4_general_ci;

--
-- Dumping data for table `lesson`
--

INSERT INTO `lesson` (`lesson_id`, `subject_id`, `lesson_name`) VALUES
(1, 1, '1ab'),
(2, 1, '2ab'),
(3, 1, '3ab'),
(4, 1, '4ab'),
(5, 1, '5ab'),
(6, 2, '1abc'),
(7, 2, '2abc'),
(8, 2, '3abc'),
(9, 2, '4abc'),
(10, 2, '5abc'),
(11, 3, '1abcd'),
(12, 3, '2abcd'),
(13, 3, '3abcd'),
(14, 3, '4abcd'),
(15, 3, '5abcd'),
(16, 4, '1abcde'),
(17, 5, 'Test lesson');

-- --------------------------------------------------------

--
-- Table structure for table `module`
--

CREATE TABLE `module` (
  `module_id` int NOT NULL,
  `lesson_id` int NOT NULL,
  `module_name` varchar(45) COLLATE utf8mb4_general_ci NOT NULL
) ENGINE=InnoDB DEFAULT CHARSET=utf8mb4 COLLATE=utf8mb4_general_ci;

--
-- Dumping data for table `module`
--

INSERT INTO `module` (`module_id`, `lesson_id`, `module_name`) VALUES
(1, 1, '1ab'),
(2, 1, '2ab'),
(3, 1, '3ab'),
(4, 1, '4ab'),
(5, 1, '5ab'),
(6, 2, '1abc'),
(7, 2, '2abc'),
(8, 2, '3abc'),
(9, 2, '4abc'),
(10, 2, '5abc'),
(11, 3, '1abcd'),
(12, 3, '2abcd'),
(13, 3, '3abcd'),
(14, 3, '4abcd'),
(15, 3, '5abcd'),
(16, 4, '1abcde'),
(17, 4, '2abcde'),
(18, 4, '3abcde'),
(19, 4, '4abcde'),
(20, 4, '5abcde'),
(21, 5, '1abcdef'),
(22, 5, '2abcdef'),
(23, 5, '3abcdef'),
(24, 5, '4abcdef'),
(25, 5, '5abcdef'),
(26, 6, '1abcdefg'),
(27, 6, '2abcdefg'),
(28, 6, '3abcdefg'),
(29, 6, '4abcdefg'),
(30, 6, '5abcdefg'),
(31, 7, '1abcdefgh'),
(32, 7, '2abcdefgh'),
(33, 7, '3abcdefgh'),
(34, 7, '4abcdefgh'),
(35, 7, '5abcdefgh'),
(36, 8, '1abcdefghi'),
(37, 8, '2abcdefghi'),
(38, 8, '3abcdefghi'),
(39, 8, '4abcdefghi'),
(40, 8, '5abcdefghi'),
(41, 9, '1abcdefghij'),
(42, 9, '2abcdefghij'),
(43, 9, '3abcdefghij'),
(44, 9, '4abcdefghij'),
(45, 9, '5abcdefghij'),
(46, 10, '1abcdefghijk'),
(47, 10, '2abcdefghijk'),
(48, 10, '3abcdefghijk'),
(49, 10, '4abcdefghijk'),
(50, 10, '5abcdefghijk'),
(51, 11, '1abcdefghijkl'),
(52, 11, '2abcdefghijkl'),
(53, 11, '3abcdefghijkl'),
(54, 11, '4abcdefghijkl'),
(55, 11, '5abcdefghijkl'),
(56, 12, '1abcdefghijklm'),
(57, 12, '2abcdefghijklm'),
(58, 12, '3abcdefghijklm'),
(59, 12, '4abcdefghijklm'),
(60, 12, '5abcdefghijklm'),
(61, 13, '1abcdefghijklmn'),
(62, 13, '2abcdefghijklmn'),
(63, 13, '3abcdefghijklmn'),
(64, 13, '4abcdefghijklmn'),
(65, 13, '5abcdefghijklmn'),
(66, 14, '1abcdefghijklmno'),
(67, 14, '2abcdefghijklmno'),
(68, 14, '3abcdefghijklmno'),
(69, 14, '4abcdefghijklmno'),
(70, 14, '5abcdefghijklmno'),
(71, 15, '1abcdefghijklmnop'),
(72, 15, '2abcdefghijklmnop'),
(73, 15, '3abcdefghijklmnop'),
(74, 15, '4abcdefghijklmnop'),
(75, 15, '5abcdefghijklmnop'),
(76, 16, '1abcdefghijklmnop'),
(77, 16, '2abcdefghijklmnop'),
(78, 16, '3abcdefghijklmnop'),
(79, 16, '4abcdefghijklmnop'),
(80, 16, '5abcdefghijklmnop'),
(81, 17, 'Test module');

-- --------------------------------------------------------

--
-- Table structure for table `subject`
--

CREATE TABLE `subject` (
  `subject_id` int NOT NULL,
  `subject_name` varchar(45) CHARACTER SET utf8mb4 COLLATE utf8mb4_general_ci NOT NULL
) ENGINE=InnoDB DEFAULT CHARSET=utf8mb4 COLLATE=utf8mb4_general_ci;

--
-- Dumping data for table `subject`
--

INSERT INTO `subject` (`subject_id`, `subject_name`) VALUES
(1, 'abc'),
(2, 'abcd'),
(3, 'abcde'),
(4, 'abcdef'),
(5, 'Test subject');

-- --------------------------------------------------------

--
-- Table structure for table `workbook`
--

CREATE TABLE `workbook` (
  `workbook_id` int NOT NULL,
  `module_id` int NOT NULL,
  `workbook_name` varchar(80) COLLATE utf8mb4_general_ci NOT NULL
) ENGINE=InnoDB DEFAULT CHARSET=utf8mb4 COLLATE=utf8mb4_general_ci;

--
-- Dumping data for table `workbook`
--

INSERT INTO `workbook` (`workbook_id`, `module_id`, `workbook_name`) VALUES
(1, 1, '1ab'),
(2, 1, '2ab'),
(3, 1, '3ab'),
(4, 1, '4ab'),
(5, 1, '5ab'),
(6, 1, '6ab'),
(7, 1, '7ab'),
(8, 1, '8ab'),
(9, 1, '9ab'),
(10, 1, '10ab'),
(11, 1, '11ab'),
(12, 1, '12ab'),
(13, 2, '1abc'),
(14, 2, '2abc'),
(15, 2, '3abc'),
(16, 2, '4abc'),
(17, 2, '5abc'),
(18, 2, '6abc'),
(19, 2, '7abc'),
(20, 2, '8abc'),
(21, 2, '9abc'),
(22, 2, '10abc'),
(23, 2, '11abc'),
(24, 2, '12abc'),
(25, 3, '1abcd'),
(26, 3, '2abcd'),
(27, 3, '3abcd'),
(28, 3, '4abcd'),
(29, 3, '5abcd'),
(30, 3, '6abcd'),
(31, 3, '7abcd'),
(32, 3, '8abcd'),
(33, 3, '9abcd'),
(34, 3, '10abcd'),
(35, 3, '11abcd'),
(36, 3, '12abcd'),
(37, 4, '1abcde'),
(38, 4, '2abcde'),
(39, 4, '3abcde'),
(40, 4, '4abcde'),
(41, 4, '5abcde'),
(42, 4, '6abcde'),
(43, 4, '7abcde'),
(44, 4, '8abcde'),
(45, 4, '9abcde'),
(46, 4, '10abcde'),
(47, 4, '11abcde'),
(48, 4, '12abcde'),
(49, 5, '1abcdef'),
(50, 5, '2abcdef'),
(51, 5, '3abcdef'),
(52, 5, '4abcdef'),
(53, 5, '5abcdef'),
(54, 5, '6abcdef'),
(55, 5, '7abcdef'),
(56, 5, '8abcdef'),
(57, 5, '9abcdef'),
(58, 5, '10abcdef'),
(59, 5, '11abcdef'),
(60, 5, '12abcdef'),
(61, 6, '1abcdefg'),
(62, 6, '2abcdefg'),
(63, 6, '3abcdefg'),
(64, 6, '4abcdefg'),
(65, 6, '5abcdefg'),
(66, 6, '6abcdefg'),
(67, 6, '7abcdefg'),
(68, 6, '8abcdefg'),
(69, 6, '9abcdefg'),
(70, 6, '10abcdefg'),
(71, 6, '11abcdefg'),
(72, 6, '12abcdefg'),
(73, 7, '1abcdefgh'),
(74, 7, '2abcdefgh'),
(75, 7, '3abcdefgh'),
(76, 7, '4abcdefgh'),
(77, 7, '5abcdefgh'),
(78, 7, '6abcdefgh'),
(79, 7, '7abcdefgh'),
(80, 7, '8abcdefgh'),
(81, 7, '9abcdefgh'),
(82, 7, '10abcdefgh'),
(83, 7, '11abcdefgh'),
(84, 7, '12abcdefgh'),
(85, 8, '1abcdefghi'),
(86, 8, '2abcdefghi'),
(87, 8, '3abcdefghi'),
(88, 8, '4abcdefghi'),
(89, 8, '5abcdefghi'),
(90, 8, '6abcdefghi'),
(91, 8, '7abcdefghi'),
(92, 8, '8abcdefghi'),
(93, 8, '9abcdefghi'),
(94, 8, '10abcdefghi'),
(95, 8, '11abcdefghi'),
(96, 8, '12abcdefghi'),
(97, 9, '1abcdefghij'),
(98, 9, '2abcdefghij'),
(99, 9, '3abcdefghij'),
(100, 9, '4abcdefghij'),
(101, 9, '5abcdefghij'),
(102, 9, '6abcdefghij'),
(103, 9, '7abcdefghij'),
(104, 9, '8abcdefghij'),
(105, 9, '9abcdefghij'),
(106, 9, '10abcdefghij'),
(107, 9, '11abcdefghij'),
(108, 9, '12abcdefghij'),
(109, 10, '1abcdefghijk'),
(110, 10, '2abcdefghijk'),
(111, 10, '3abcdefghijk'),
(112, 10, '4abcdefghijk'),
(113, 10, '5abcdefghijk'),
(114, 10, '6abcdefghijk'),
(115, 10, '7abcdefghijk'),
(116, 10, '8abcdefghijk'),
(117, 10, '9abcdefghijk'),
(118, 10, '10abcdefghijk'),
(119, 10, '11abcdefghijk'),
(120, 10, '12abcdefghijk'),
(121, 11, '1abcdefghijkl'),
(122, 11, '2abcdefghijkl'),
(123, 11, '3abcdefghijkl'),
(124, 11, '4abcdefghijkl'),
(125, 11, '5abcdefghijkl'),
(126, 11, '6abcdefghijkl'),
(127, 11, '7abcdefghijkl'),
(128, 11, '8abcdefghijkl'),
(129, 11, '9abcdefghijkl'),
(130, 11, '10abcdefghijkl'),
(131, 11, '11abcdefghijkl'),
(132, 11, '12abcdefghijkl'),
(133, 12, '1abcdefghijklm'),
(134, 12, '2abcdefghijklm'),
(135, 12, '3abcdefghijklm'),
(136, 12, '4abcdefghijklm'),
(137, 12, '5abcdefghijklm'),
(138, 12, '6abcdefghijklm'),
(139, 12, '7abcdefghijklm'),
(140, 12, '8abcdefghijklm'),
(141, 12, '9abcdefghijklm'),
(142, 12, '10abcdefghijklm'),
(143, 12, '11abcdefghijklm'),
(144, 12, '12abcdefghijklm'),
(145, 13, '1abcdefghijklmn'),
(146, 13, '2abcdefghijklmn'),
(147, 13, '3abcdefghijklmn'),
(148, 13, '4abcdefghijklmn'),
(149, 13, '5abcdefghijklmn'),
(150, 13, '6abcdefghijklmn'),
(151, 13, '7abcdefghijklmn'),
(152, 13, '8abcdefghijklmn'),
(153, 13, '9abcdefghijklmn'),
(154, 13, '10abcdefghijklmn'),
(155, 13, '11abcdefghijklmn'),
(156, 13, '12abcdefghijklmn'),
(157, 14, '1abcdefghijklmno'),
(158, 14, '2abcdefghijklmno'),
(159, 14, '3abcdefghijklmno'),
(160, 14, '4abcdefghijklmno'),
(161, 14, '5abcdefghijklmno'),
(162, 14, '6abcdefghijklmno'),
(163, 14, '7abcdefghijklmno'),
(164, 14, '8abcdefghijklmno'),
(165, 14, '9abcdefghijklmno'),
(166, 14, '10abcdefghijklmno'),
(167, 14, '11abcdefghijklmno'),
(168, 14, '12abcdefghijklmno'),
(169, 15, '1abcdefghijklmnop'),
(170, 15, '2abcdefghijklmnop'),
(171, 15, '3abcdefghijklmnop'),
(172, 15, '4abcdefghijklmnop'),
(173, 15, '5abcdefghijklmnop'),
(174, 15, '6abcdefghijklmnop'),
(175, 15, '7abcdefghijklmnop'),
(176, 15, '8abcdefghijklmnop'),
(177, 15, '9abcdefghijklmnop'),
(178, 15, '10abcdefghijklmnop'),
(179, 15, '11abcdefghijklmnop'),
(180, 15, '12abcdefghijklmnop'),
(181, 16, '1abcdefghijklmnopq'),
(182, 16, '2abcdefghijklmnopq'),
(183, 16, '3abcdefghijklmnopq'),
(184, 16, '4abcdefghijklmnopq'),
(185, 16, '5abcdefghijklmnopq'),
(186, 16, '6abcdefghijklmnopq'),
(187, 16, '7abcdefghijklmnopq'),
(188, 16, '8abcdefghijklmnopq'),
(189, 16, '9abcdefghijklmnopq'),
(190, 16, '10abcdefghijklmnopq'),
(191, 16, '11abcdefghijklmnopq'),
(192, 16, '12abcdefghijklmnopq'),
(193, 17, '1abcdefghijklmnopqr'),
(194, 17, '2abcdefghijklmnopqr'),
(195, 17, '3abcdefghijklmnopqr'),
(196, 17, '4abcdefghijklmnopqr'),
(197, 17, '5abcdefghijklmnopqr'),
(198, 17, '6abcdefghijklmnopqr'),
(199, 17, '7abcdefghijklmnopqr'),
(200, 17, '8abcdefghijklmnopqr'),
(201, 17, '9abcdefghijklmnopqr'),
(202, 17, '10abcdefghijklmnopqr'),
(203, 17, '11abcdefghijklmnopqr'),
(204, 17, '12abcdefghijklmnopqr'),
(205, 18, '1abcdefghijklmnopqrs'),
(206, 18, '2abcdefghijklmnopqrs'),
(207, 18, '3abcdefghijklmnopqrs'),
(208, 18, '4abcdefghijklmnopqrs'),
(209, 18, '5abcdefghijklmnopqrs'),
(210, 18, '6abcdefghijklmnopqrs'),
(211, 18, '7abcdefghijklmnopqrs'),
(212, 18, '8abcdefghijklmnopqrs'),
(213, 18, '9abcdefghijklmnopqrs'),
(214, 18, '10abcdefghijklmnopqrs'),
(215, 18, '11abcdefghijklmnopqrs'),
(216, 18, '12abcdefghijklmnopqrs'),
(217, 19, '1abcdefghijklmnopqrst'),
(218, 19, '2abcdefghijklmnopqrst'),
(219, 19, '3abcdefghijklmnopqrst'),
(220, 19, '4abcdefghijklmnopqrst'),
(221, 19, '5abcdefghijklmnopqrst'),
(222, 19, '6abcdefghijklmnopqrst'),
(223, 19, '7abcdefghijklmnopqrst'),
(224, 19, '8abcdefghijklmnopqrst'),
(225, 19, '9abcdefghijklmnopqrst'),
(226, 19, '10abcdefghijklmnopqrst'),
(227, 19, '11abcdefghijklmnopqrst'),
(228, 19, '12abcdefghijklmnopqrst'),
(229, 20, '1abcdefghijklmnopqrstu'),
(230, 20, '2abcdefghijklmnopqrstu'),
(231, 20, '3abcdefghijklmnopqrstu'),
(232, 20, '4abcdefghijklmnopqrstu'),
(233, 20, '5abcdefghijklmnopqrstu'),
(234, 20, '6abcdefghijklmnopqrstu'),
(235, 20, '7abcdefghijklmnopqrstu'),
(236, 20, '8abcdefghijklmnopqrstu'),
(237, 20, '9abcdefghijklmnopqrstu'),
(238, 20, '10abcdefghijklmnopqrstu'),
(239, 20, '11abcdefghijklmnopqrstu'),
(240, 20, '12abcdefghijklmnopqrstu'),
(241, 21, '1abcdefghijklmnopqrstuv'),
(242, 21, '2abcdefghijklmnopqrstuv'),
(243, 21, '3abcdefghijklmnopqrstuv'),
(244, 21, '4abcdefghijklmnopqrstuv'),
(245, 21, '5abcdefghijklmnopqrstuv'),
(246, 21, '6abcdefghijklmnopqrstuv'),
(247, 21, '7abcdefghijklmnopqrstuv'),
(248, 21, '8abcdefghijklmnopqrstuv'),
(249, 21, '9abcdefghijklmnopqrstuv'),
(250, 21, '10abcdefghijklmnopqrstuv'),
(251, 21, '11abcdefghijklmnopqrstuv'),
(252, 21, '12abcdefghijklmnopqrstuv'),
(253, 22, '1abcdefghijklmnopqrstuvw'),
(254, 22, '2abcdefghijklmnopqrstuvw'),
(255, 22, '3abcdefghijklmnopqrstuvw'),
(256, 22, '4abcdefghijklmnopqrstuvw'),
(257, 22, '5abcdefghijklmnopqrstuvw'),
(258, 22, '6abcdefghijklmnopqrstuvw'),
(259, 22, '7abcdefghijklmnopqrstuvw'),
(260, 22, '8abcdefghijklmnopqrstuvw'),
(261, 22, '9abcdefghijklmnopqrstuvw'),
(262, 22, '10abcdefghijklmnopqrstuvw'),
(263, 22, '11abcdefghijklmnopqrstuvw'),
(264, 22, '12abcdefghijklmnopqrstuvw'),
(265, 23, '1abcdefghijklmnopqrstuvwx'),
(266, 23, '2abcdefghijklmnopqrstuvwx'),
(267, 23, '3abcdefghijklmnopqrstuvwx'),
(268, 23, '4abcdefghijklmnopqrstuvwx'),
(269, 23, '5abcdefghijklmnopqrstuvwx'),
(270, 23, '6abcdefghijklmnopqrstuvwx'),
(271, 23, '7abcdefghijklmnopqrstuvwx'),
(272, 23, '8abcdefghijklmnopqrstuvwx'),
(273, 23, '9abcdefghijklmnopqrstuvwx'),
(274, 23, '10abcdefghijklmnopqrstuvwx'),
(275, 23, '11abcdefghijklmnopqrstuvwx'),
(276, 23, '12abcdefghijklmnopqrstuvwx'),
(277, 24, '1abcdefghijklmnopqrstuvwxy'),
(278, 24, '2abcdefghijklmnopqrstuvwxy'),
(279, 24, '3abcdefghijklmnopqrstuvwxy'),
(280, 24, '4abcdefghijklmnopqrstuvwxy'),
(281, 24, '5abcdefghijklmnopqrstuvwxy'),
(282, 24, '6abcdefghijklmnopqrstuvwxy'),
(283, 24, '7abcdefghijklmnopqrstuvwxy'),
(284, 24, '8abcdefghijklmnopqrstuvwxy'),
(285, 24, '9abcdefghijklmnopqrstuvwxy'),
(286, 24, '10abcdefghijklmnopqrstuvwxy'),
(287, 24, '11abcdefghijklmnopqrstuvwxy'),
(288, 24, '12abcdefghijklmnopqrstuvwxy'),
(289, 25, '1abcdefghijklmnopqrstuvwxyz'),
(290, 25, '2abcdefghijklmnopqrstuvwxyz'),
(291, 25, '3abcdefghijklmnopqrstuvwxyz'),
(292, 25, '4abcdefghijklmnopqrstuvwxyz'),
(293, 25, '5abcdefghijklmnopqrstuvwxyz'),
(294, 25, '6abcdefghijklmnopqrstuvwxyz'),
(295, 25, '7abcdefghijklmnopqrstuvwxyz'),
(296, 25, '8abcdefghijklmnopqrstuvwxyz'),
(297, 25, '9abcdefghijklmnopqrstuvwxyz'),
(298, 25, '10abcdefghijklmnopqrstuvwxyz'),
(299, 25, '11abcdefghijklmnopqrstuvwxyz'),
(300, 25, '12abcdefghijklmnopqrstuvwxyz'),
(301, 26, '1abcdefghijklmnopqrstuvwxyzA'),
(302, 26, '2abcdefghijklmnopqrstuvwxyzA'),
(303, 26, '3abcdefghijklmnopqrstuvwxyzA'),
(304, 26, '4abcdefghijklmnopqrstuvwxyzA'),
(305, 26, '5abcdefghijklmnopqrstuvwxyzA'),
(306, 26, '6abcdefghijklmnopqrstuvwxyzA'),
(307, 26, '7abcdefghijklmnopqrstuvwxyzA'),
(308, 26, '8abcdefghijklmnopqrstuvwxyzA'),
(309, 26, '9abcdefghijklmnopqrstuvwxyzA'),
(310, 26, '10abcdefghijklmnopqrstuvwxyzA'),
(311, 26, '11abcdefghijklmnopqrstuvwxyzA'),
(312, 26, '12abcdefghijklmnopqrstuvwxyzA'),
(313, 27, '1abcdefghijklmnopqrstuvwxyzAB'),
(314, 27, '2abcdefghijklmnopqrstuvwxyzAB'),
(315, 27, '3abcdefghijklmnopqrstuvwxyzAB'),
(316, 27, '4abcdefghijklmnopqrstuvwxyzAB'),
(317, 27, '5abcdefghijklmnopqrstuvwxyzAB'),
(318, 27, '6abcdefghijklmnopqrstuvwxyzAB'),
(319, 27, '7abcdefghijklmnopqrstuvwxyzAB'),
(320, 27, '8abcdefghijklmnopqrstuvwxyzAB'),
(321, 27, '9abcdefghijklmnopqrstuvwxyzAB'),
(322, 27, '10abcdefghijklmnopqrstuvwxyzAB'),
(323, 27, '11abcdefghijklmnopqrstuvwxyzAB'),
(324, 27, '12abcdefghijklmnopqrstuvwxyzAB'),
(325, 28, '1abcdefghijklmnopqrstuvwxyzABC'),
(326, 28, '2abcdefghijklmnopqrstuvwxyzABC'),
(327, 28, '3abcdefghijklmnopqrstuvwxyzABC'),
(328, 28, '4abcdefghijklmnopqrstuvwxyzABC'),
(329, 28, '5abcdefghijklmnopqrstuvwxyzABC'),
(330, 28, '6abcdefghijklmnopqrstuvwxyzABC'),
(331, 28, '7abcdefghijklmnopqrstuvwxyzABC'),
(332, 28, '8abcdefghijklmnopqrstuvwxyzABC'),
(333, 28, '9abcdefghijklmnopqrstuvwxyzABC'),
(334, 28, '10abcdefghijklmnopqrstuvwxyzABC'),
(335, 28, '11abcdefghijklmnopqrstuvwxyzABC'),
(336, 28, '12abcdefghijklmnopqrstuvwxyzABC'),
(337, 29, '1abcdefghijklmnopqrstuvwxyzABCD'),
(338, 29, '2abcdefghijklmnopqrstuvwxyzABCD'),
(339, 29, '3abcdefghijklmnopqrstuvwxyzABCD'),
(340, 29, '4abcdefghijklmnopqrstuvwxyzABCD'),
(341, 29, '5abcdefghijklmnopqrstuvwxyzABCD'),
(342, 29, '6abcdefghijklmnopqrstuvwxyzABCD'),
(343, 29, '7abcdefghijklmnopqrstuvwxyzABCD'),
(344, 29, '8abcdefghijklmnopqrstuvwxyzABCD'),
(345, 29, '9abcdefghijklmnopqrstuvwxyzABCD'),
(346, 29, '10abcdefghijklmnopqrstuvwxyzABCD'),
(347, 29, '11abcdefghijklmnopqrstuvwxyzABCD'),
(348, 29, '12abcdefghijklmnopqrstuvwxyzABCD'),
(349, 30, '1abcdefghijklmnopqrstuvwxyzABCDE'),
(350, 30, '2abcdefghijklmnopqrstuvwxyzABCDE'),
(351, 30, '3abcdefghijklmnopqrstuvwxyzABCDE'),
(352, 30, '4abcdefghijklmnopqrstuvwxyzABCDE'),
(353, 30, '5abcdefghijklmnopqrstuvwxyzABCDE'),
(354, 30, '6abcdefghijklmnopqrstuvwxyzABCDE'),
(355, 30, '7abcdefghijklmnopqrstuvwxyzABCDE'),
(356, 30, '8abcdefghijklmnopqrstuvwxyzABCDE'),
(357, 30, '9abcdefghijklmnopqrstuvwxyzABCDE'),
(358, 30, '10abcdefghijklmnopqrstuvwxyzABCDE'),
(359, 30, '11abcdefghijklmnopqrstuvwxyzABCDE'),
(360, 30, '12abcdefghijklmnopqrstuvwxyzABCDE'),
(361, 31, '1abcdefghijklmnopqrstuvwxyzABCDEF'),
(362, 31, '2abcdefghijklmnopqrstuvwxyzABCDEF'),
(363, 31, '3abcdefghijklmnopqrstuvwxyzABCDEF'),
(364, 31, '4abcdefghijklmnopqrstuvwxyzABCDEF'),
(365, 31, '5abcdefghijklmnopqrstuvwxyzABCDEF'),
(366, 31, '6abcdefghijklmnopqrstuvwxyzABCDEF'),
(367, 31, '7abcdefghijklmnopqrstuvwxyzABCDEF'),
(368, 31, '8abcdefghijklmnopqrstuvwxyzABCDEF'),
(369, 31, '9abcdefghijklmnopqrstuvwxyzABCDEF'),
(370, 31, '10abcdefghijklmnopqrstuvwxyzABCDEF'),
(371, 31, '11abcdefghijklmnopqrstuvwxyzABCDEF'),
(372, 31, '12abcdefghijklmnopqrstuvwxyzABCDEF'),
(373, 32, '1abcdefghijklmnopqrstuvwxyzABCDEFG'),
(374, 32, '2abcdefghijklmnopqrstuvwxyzABCDEFG'),
(375, 32, '3abcdefghijklmnopqrstuvwxyzABCDEFG'),
(376, 32, '4abcdefghijklmnopqrstuvwxyzABCDEFG'),
(377, 32, '5abcdefghijklmnopqrstuvwxyzABCDEFG'),
(378, 32, '6abcdefghijklmnopqrstuvwxyzABCDEFG'),
(379, 32, '7abcdefghijklmnopqrstuvwxyzABCDEFG'),
(380, 32, '8abcdefghijklmnopqrstuvwxyzABCDEFG'),
(381, 32, '9abcdefghijklmnopqrstuvwxyzABCDEFG'),
(382, 32, '10abcdefghijklmnopqrstuvwxyzABCDEFG'),
(383, 32, '11abcdefghijklmnopqrstuvwxyzABCDEFG'),
(384, 32, '12abcdefghijklmnopqrstuvwxyzABCDEFG'),
(385, 33, '1abcdefghijklmnopqrstuvwxyzABCDEFGH'),
(386, 33, '2abcdefghijklmnopqrstuvwxyzABCDEFGH'),
(387, 33, '3abcdefghijklmnopqrstuvwxyzABCDEFGH'),
(388, 33, '4abcdefghijklmnopqrstuvwxyzABCDEFGH'),
(389, 33, '5abcdefghijklmnopqrstuvwxyzABCDEFGH'),
(390, 33, '6abcdefghijklmnopqrstuvwxyzABCDEFGH'),
(391, 33, '7abcdefghijklmnopqrstuvwxyzABCDEFGH'),
(392, 33, '8abcdefghijklmnopqrstuvwxyzABCDEFGH'),
(393, 33, '9abcdefghijklmnopqrstuvwxyzABCDEFGH'),
(394, 33, '10abcdefghijklmnopqrstuvwxyzABCDEFGH'),
(395, 33, '11abcdefghijklmnopqrstuvwxyzABCDEFGH'),
(396, 33, '12abcdefghijklmnopqrstuvwxyzABCDEFGH'),
(397, 34, '1abcdefghijklmnopqrstuvwxyzABCDEFGHI'),
(398, 34, '2abcdefghijklmnopqrstuvwxyzABCDEFGHI'),
(399, 34, '3abcdefghijklmnopqrstuvwxyzABCDEFGHI'),
(400, 34, '4abcdefghijklmnopqrstuvwxyzABCDEFGHI'),
(401, 34, '5abcdefghijklmnopqrstuvwxyzABCDEFGHI'),
(402, 34, '6abcdefghijklmnopqrstuvwxyzABCDEFGHI'),
(403, 34, '7abcdefghijklmnopqrstuvwxyzABCDEFGHI'),
(404, 34, '8abcdefghijklmnopqrstuvwxyzABCDEFGHI'),
(405, 34, '9abcdefghijklmnopqrstuvwxyzABCDEFGHI'),
(406, 34, '10abcdefghijklmnopqrstuvwxyzABCDEFGHI'),
(407, 34, '11abcdefghijklmnopqrstuvwxyzABCDEFGHI'),
(408, 34, '12abcdefghijklmnopqrstuvwxyzABCDEFGHI'),
(409, 35, '1abcdefghijklmnopqrstuvwxyzABCDEFGHIJ'),
(410, 35, '2abcdefghijklmnopqrstuvwxyzABCDEFGHIJ'),
(411, 35, '3abcdefghijklmnopqrstuvwxyzABCDEFGHIJ'),
(412, 35, '4abcdefghijklmnopqrstuvwxyzABCDEFGHIJ'),
(413, 35, '5abcdefghijklmnopqrstuvwxyzABCDEFGHIJ'),
(414, 35, '6abcdefghijklmnopqrstuvwxyzABCDEFGHIJ'),
(415, 35, '7abcdefghijklmnopqrstuvwxyzABCDEFGHIJ'),
(416, 35, '8abcdefghijklmnopqrstuvwxyzABCDEFGHIJ'),
(417, 35, '9abcdefghijklmnopqrstuvwxyzABCDEFGHIJ'),
(418, 35, '10abcdefghijklmnopqrstuvwxyzABCDEFGHIJ'),
(419, 35, '11abcdefghijklmnopqrstuvwxyzABCDEFGHIJ'),
(420, 35, '12abcdefghijklmnopqrstuvwxyzABCDEFGHIJ'),
(421, 36, '1abcdefghijklmnopqrstuvwxyzABCDEFGHIJK'),
(422, 36, '2abcdefghijklmnopqrstuvwxyzABCDEFGHIJK'),
(423, 36, '3abcdefghijklmnopqrstuvwxyzABCDEFGHIJK'),
(424, 36, '4abcdefghijklmnopqrstuvwxyzABCDEFGHIJK'),
(425, 36, '5abcdefghijklmnopqrstuvwxyzABCDEFGHIJK'),
(426, 36, '6abcdefghijklmnopqrstuvwxyzABCDEFGHIJK'),
(427, 36, '7abcdefghijklmnopqrstuvwxyzABCDEFGHIJK'),
(428, 36, '8abcdefghijklmnopqrstuvwxyzABCDEFGHIJK'),
(429, 36, '9abcdefghijklmnopqrstuvwxyzABCDEFGHIJK'),
(430, 36, '10abcdefghijklmnopqrstuvwxyzABCDEFGHIJK'),
(431, 36, '11abcdefghijklmnopqrstuvwxyzABCDEFGHIJK'),
(432, 36, '12abcdefghijklmnopqrstuvwxyzABCDEFGHIJK'),
(433, 37, '1abcdefghijklmnopqrstuvwxyzABCDEFGHIJKL'),
(434, 37, '2abcdefghijklmnopqrstuvwxyzABCDEFGHIJKL'),
(435, 37, '3abcdefghijklmnopqrstuvwxyzABCDEFGHIJKL'),
(436, 37, '4abcdefghijklmnopqrstuvwxyzABCDEFGHIJKL'),
(437, 37, '5abcdefghijklmnopqrstuvwxyzABCDEFGHIJKL'),
(438, 37, '6abcdefghijklmnopqrstuvwxyzABCDEFGHIJKL'),
(439, 37, '7abcdefghijklmnopqrstuvwxyzABCDEFGHIJKL'),
(440, 37, '8abcdefghijklmnopqrstuvwxyzABCDEFGHIJKL'),
(441, 37, '9abcdefghijklmnopqrstuvwxyzABCDEFGHIJKL'),
(442, 37, '10abcdefghijklmnopqrstuvwxyzABCDEFGHIJKL'),
(443, 37, '11abcdefghijklmnopqrstuvwxyzABCDEFGHIJKL'),
(444, 37, '12abcdefghijklmnopqrstuvwxyzABCDEFGHIJKL'),
(445, 38, '1abcdefghijklmnopqrstuvwxyzABCDEFGHIJKLM'),
(446, 38, '2abcdefghijklmnopqrstuvwxyzABCDEFGHIJKLM'),
(447, 38, '3abcdefghijklmnopqrstuvwxyzABCDEFGHIJKLM'),
(448, 38, '4abcdefghijklmnopqrstuvwxyzABCDEFGHIJKLM'),
(449, 38, '5abcdefghijklmnopqrstuvwxyzABCDEFGHIJKLM'),
(450, 38, '6abcdefghijklmnopqrstuvwxyzABCDEFGHIJKLM'),
(451, 38, '7abcdefghijklmnopqrstuvwxyzABCDEFGHIJKLM'),
(452, 38, '8abcdefghijklmnopqrstuvwxyzABCDEFGHIJKLM'),
(453, 38, '9abcdefghijklmnopqrstuvwxyzABCDEFGHIJKLM'),
(454, 38, '10abcdefghijklmnopqrstuvwxyzABCDEFGHIJKLM'),
(455, 38, '11abcdefghijklmnopqrstuvwxyzABCDEFGHIJKLM'),
(456, 38, '12abcdefghijklmnopqrstuvwxyzABCDEFGHIJKLM'),
(457, 39, '1abcdefghijklmnopqrstuvwxyzABCDEFGHIJKLMN'),
(458, 39, '2abcdefghijklmnopqrstuvwxyzABCDEFGHIJKLMN'),
(459, 39, '3abcdefghijklmnopqrstuvwxyzABCDEFGHIJKLMN'),
(460, 39, '4abcdefghijklmnopqrstuvwxyzABCDEFGHIJKLMN'),
(461, 39, '5abcdefghijklmnopqrstuvwxyzABCDEFGHIJKLMN'),
(462, 39, '6abcdefghijklmnopqrstuvwxyzABCDEFGHIJKLMN'),
(463, 39, '7abcdefghijklmnopqrstuvwxyzABCDEFGHIJKLMN'),
(464, 39, '8abcdefghijklmnopqrstuvwxyzABCDEFGHIJKLMN'),
(465, 39, '9abcdefghijklmnopqrstuvwxyzABCDEFGHIJKLMN'),
(466, 39, '10abcdefghijklmnopqrstuvwxyzABCDEFGHIJKLMN'),
(467, 39, '11abcdefghijklmnopqrstuvwxyzABCDEFGHIJKLMN'),
(468, 39, '12abcdefghijklmnopqrstuvwxyzABCDEFGHIJKLMN'),
(469, 40, '1abcdefghijklmnopqrstuvwxyzABCDEFGHIJKLMNO'),
(470, 40, '2abcdefghijklmnopqrstuvwxyzABCDEFGHIJKLMNO'),
(471, 40, '3abcdefghijklmnopqrstuvwxyzABCDEFGHIJKLMNO'),
(472, 40, '4abcdefghijklmnopqrstuvwxyzABCDEFGHIJKLMNO'),
(473, 40, '5abcdefghijklmnopqrstuvwxyzABCDEFGHIJKLMNO'),
(474, 40, '6abcdefghijklmnopqrstuvwxyzABCDEFGHIJKLMNO'),
(475, 40, '7abcdefghijklmnopqrstuvwxyzABCDEFGHIJKLMNO'),
(476, 40, '8abcdefghijklmnopqrstuvwxyzABCDEFGHIJKLMNO'),
(477, 40, '9abcdefghijklmnopqrstuvwxyzABCDEFGHIJKLMNO'),
(478, 40, '10abcdefghijklmnopqrstuvwxyzABCDEFGHIJKLMNO'),
(479, 40, '11abcdefghijklmnopqrstuvwxyzABCDEFGHIJKLMNO'),
(480, 40, '12abcdefghijklmnopqrstuvwxyzABCDEFGHIJKLMNO'),
(481, 41, '1abcdefghijklmnopqrstuvwxyzABCDEFGHIJKLMNOP'),
(482, 41, '2abcdefghijklmnopqrstuvwxyzABCDEFGHIJKLMNOP'),
(483, 41, '3abcdefghijklmnopqrstuvwxyzABCDEFGHIJKLMNOP'),
(484, 41, '4abcdefghijklmnopqrstuvwxyzABCDEFGHIJKLMNOP'),
(485, 41, '5abcdefghijklmnopqrstuvwxyzABCDEFGHIJKLMNOP'),
(486, 41, '6abcdefghijklmnopqrstuvwxyzABCDEFGHIJKLMNOP'),
(487, 41, '7abcdefghijklmnopqrstuvwxyzABCDEFGHIJKLMNOP'),
(488, 41, '8abcdefghijklmnopqrstuvwxyzABCDEFGHIJKLMNOP'),
(489, 41, '9abcdefghijklmnopqrstuvwxyzABCDEFGHIJKLMNOP'),
(490, 41, '10abcdefghijklmnopqrstuvwxyzABCDEFGHIJKLMNOP'),
(491, 41, '11abcdefghijklmnopqrstuvwxyzABCDEFGHIJKLMNOP'),
(492, 41, '12abcdefghijklmnopqrstuvwxyzABCDEFGHIJKLMNOP'),
(493, 42, '1abcdefghijklmnopqrstuvwxyzABCDEFGHIJKLMNOPQ'),
(494, 42, '2abcdefghijklmnopqrstuvwxyzABCDEFGHIJKLMNOPQ'),
(495, 42, '3abcdefghijklmnopqrstuvwxyzABCDEFGHIJKLMNOPQ'),
(496, 42, '4abcdefghijklmnopqrstuvwxyzABCDEFGHIJKLMNOPQ'),
(497, 42, '5abcdefghijklmnopqrstuvwxyzABCDEFGHIJKLMNOPQ'),
(498, 42, '6abcdefghijklmnopqrstuvwxyzABCDEFGHIJKLMNOPQ'),
(499, 42, '7abcdefghijklmnopqrstuvwxyzABCDEFGHIJKLMNOPQ'),
(500, 42, '8abcdefghijklmnopqrstuvwxyzABCDEFGHIJKLMNOPQ'),
(501, 42, '9abcdefghijklmnopqrstuvwxyzABCDEFGHIJKLMNOPQ'),
(502, 42, '10abcdefghijklmnopqrstuvwxyzABCDEFGHIJKLMNOPQ'),
(503, 42, '11abcdefghijklmnopqrstuvwxyzABCDEFGHIJKLMNOPQ'),
(504, 42, '12abcdefghijklmnopqrstuvwxyzABCDEFGHIJKLMNOPQ'),
(505, 43, '1abcdefghijklmnopqrstuvwxyzABCDEFGHIJKLMNOPQR'),
(506, 43, '2abcdefghijklmnopqrstuvwxyzABCDEFGHIJKLMNOPQR'),
(507, 43, '3abcdefghijklmnopqrstuvwxyzABCDEFGHIJKLMNOPQR'),
(508, 43, '4abcdefghijklmnopqrstuvwxyzABCDEFGHIJKLMNOPQR'),
(509, 43, '5abcdefghijklmnopqrstuvwxyzABCDEFGHIJKLMNOPQR'),
(510, 43, '6abcdefghijklmnopqrstuvwxyzABCDEFGHIJKLMNOPQR'),
(511, 43, '7abcdefghijklmnopqrstuvwxyzABCDEFGHIJKLMNOPQR'),
(512, 43, '8abcdefghijklmnopqrstuvwxyzABCDEFGHIJKLMNOPQR'),
(513, 43, '9abcdefghijklmnopqrstuvwxyzABCDEFGHIJKLMNOPQR'),
(514, 43, '10abcdefghijklmnopqrstuvwxyzABCDEFGHIJKLMNOPQR'),
(515, 43, '11abcdefghijklmnopqrstuvwxyzABCDEFGHIJKLMNOPQR'),
(516, 43, '12abcdefghijklmnopqrstuvwxyzABCDEFGHIJKLMNOPQR'),
(517, 44, '1abcdefghijklmnopqrstuvwxyzABCDEFGHIJKLMNOPQRS'),
(518, 44, '2abcdefghijklmnopqrstuvwxyzABCDEFGHIJKLMNOPQRS'),
(519, 44, '3abcdefghijklmnopqrstuvwxyzABCDEFGHIJKLMNOPQRS'),
(520, 44, '4abcdefghijklmnopqrstuvwxyzABCDEFGHIJKLMNOPQRS'),
(521, 44, '5abcdefghijklmnopqrstuvwxyzABCDEFGHIJKLMNOPQRS'),
(522, 44, '6abcdefghijklmnopqrstuvwxyzABCDEFGHIJKLMNOPQRS'),
(523, 44, '7abcdefghijklmnopqrstuvwxyzABCDEFGHIJKLMNOPQRS'),
(524, 44, '8abcdefghijklmnopqrstuvwxyzABCDEFGHIJKLMNOPQRS'),
(525, 44, '9abcdefghijklmnopqrstuvwxyzABCDEFGHIJKLMNOPQRS'),
(526, 44, '10abcdefghijklmnopqrstuvwxyzABCDEFGHIJKLMNOPQRS'),
(527, 44, '11abcdefghijklmnopqrstuvwxyzABCDEFGHIJKLMNOPQRS'),
(528, 44, '12abcdefghijklmnopqrstuvwxyzABCDEFGHIJKLMNOPQRS'),
(529, 45, '1abcdefghijklmnopqrstuvwxyzABCDEFGHIJKLMNOPQRST'),
(530, 45, '2abcdefghijklmnopqrstuvwxyzABCDEFGHIJKLMNOPQRST'),
(531, 45, '3abcdefghijklmnopqrstuvwxyzABCDEFGHIJKLMNOPQRST'),
(532, 45, '4abcdefghijklmnopqrstuvwxyzABCDEFGHIJKLMNOPQRST'),
(533, 45, '5abcdefghijklmnopqrstuvwxyzABCDEFGHIJKLMNOPQRST'),
(534, 45, '6abcdefghijklmnopqrstuvwxyzABCDEFGHIJKLMNOPQRST'),
(535, 45, '7abcdefghijklmnopqrstuvwxyzABCDEFGHIJKLMNOPQRST'),
(536, 45, '8abcdefghijklmnopqrstuvwxyzABCDEFGHIJKLMNOPQRST'),
(537, 45, '9abcdefghijklmnopqrstuvwxyzABCDEFGHIJKLMNOPQRST'),
(538, 45, '10abcdefghijklmnopqrstuvwxyzABCDEFGHIJKLMNOPQRST'),
(539, 45, '11abcdefghijklmnopqrstuvwxyzABCDEFGHIJKLMNOPQRST'),
(540, 45, '12abcdefghijklmnopqrstuvwxyzABCDEFGHIJKLMNOPQRST'),
(541, 46, '1abcdefghijklmnopqrstuvwxyzABCDEFGHIJKLMNOPQRSTU'),
(542, 46, '2abcdefghijklmnopqrstuvwxyzABCDEFGHIJKLMNOPQRSTU'),
(543, 46, '3abcdefghijklmnopqrstuvwxyzABCDEFGHIJKLMNOPQRSTU'),
(544, 46, '4abcdefghijklmnopqrstuvwxyzABCDEFGHIJKLMNOPQRSTU'),
(545, 46, '5abcdefghijklmnopqrstuvwxyzABCDEFGHIJKLMNOPQRSTU'),
(546, 46, '6abcdefghijklmnopqrstuvwxyzABCDEFGHIJKLMNOPQRSTU'),
(547, 46, '7abcdefghijklmnopqrstuvwxyzABCDEFGHIJKLMNOPQRSTU'),
(548, 46, '8abcdefghijklmnopqrstuvwxyzABCDEFGHIJKLMNOPQRSTU'),
(549, 46, '9abcdefghijklmnopqrstuvwxyzABCDEFGHIJKLMNOPQRSTU'),
(550, 46, '10abcdefghijklmnopqrstuvwxyzABCDEFGHIJKLMNOPQRSTU'),
(551, 46, '11abcdefghijklmnopqrstuvwxyzABCDEFGHIJKLMNOPQRSTU'),
(552, 46, '12abcdefghijklmnopqrstuvwxyzABCDEFGHIJKLMNOPQRSTU'),
(553, 47, '1abcdefghijklmnopqrstuvwxyzABCDEFGHIJKLMNOPQRSTUV'),
(554, 47, '2abcdefghijklmnopqrstuvwxyzABCDEFGHIJKLMNOPQRSTUV'),
(555, 47, '3abcdefghijklmnopqrstuvwxyzABCDEFGHIJKLMNOPQRSTUV'),
(556, 47, '4abcdefghijklmnopqrstuvwxyzABCDEFGHIJKLMNOPQRSTUV'),
(557, 47, '5abcdefghijklmnopqrstuvwxyzABCDEFGHIJKLMNOPQRSTUV'),
(558, 47, '6abcdefghijklmnopqrstuvwxyzABCDEFGHIJKLMNOPQRSTUV'),
(559, 47, '7abcdefghijklmnopqrstuvwxyzABCDEFGHIJKLMNOPQRSTUV'),
(560, 47, '8abcdefghijklmnopqrstuvwxyzABCDEFGHIJKLMNOPQRSTUV'),
(561, 47, '9abcdefghijklmnopqrstuvwxyzABCDEFGHIJKLMNOPQRSTUV'),
(562, 47, '10abcdefghijklmnopqrstuvwxyzABCDEFGHIJKLMNOPQRSTUV'),
(563, 47, '11abcdefghijklmnopqrstuvwxyzABCDEFGHIJKLMNOPQRSTUV'),
(564, 47, '12abcdefghijklmnopqrstuvwxyzABCDEFGHIJKLMNOPQRSTUV'),
(565, 48, '1abcdefghijklmnopqrstuvwxyzABCDEFGHIJKLMNOPQRSTUVW'),
(566, 48, '2abcdefghijklmnopqrstuvwxyzABCDEFGHIJKLMNOPQRSTUVW'),
(567, 48, '3abcdefghijklmnopqrstuvwxyzABCDEFGHIJKLMNOPQRSTUVW'),
(568, 48, '4abcdefghijklmnopqrstuvwxyzABCDEFGHIJKLMNOPQRSTUVW'),
(569, 48, '5abcdefghijklmnopqrstuvwxyzABCDEFGHIJKLMNOPQRSTUVW'),
(570, 48, '6abcdefghijklmnopqrstuvwxyzABCDEFGHIJKLMNOPQRSTUVW'),
(571, 48, '7abcdefghijklmnopqrstuvwxyzABCDEFGHIJKLMNOPQRSTUVW'),
(572, 48, '8abcdefghijklmnopqrstuvwxyzABCDEFGHIJKLMNOPQRSTUVW'),
(573, 48, '9abcdefghijklmnopqrstuvwxyzABCDEFGHIJKLMNOPQRSTUVW'),
(574, 48, '10abcdefghijklmnopqrstuvwxyzABCDEFGHIJKLMNOPQRSTUVW'),
(575, 48, '11abcdefghijklmnopqrstuvwxyzABCDEFGHIJKLMNOPQRSTUVW'),
(576, 48, '12abcdefghijklmnopqrstuvwxyzABCDEFGHIJKLMNOPQRSTUVW'),
(577, 49, '1abcdefghijklmnopqrstuvwxyzABCDEFGHIJKLMNOPQRSTUVWX'),
(578, 49, '2abcdefghijklmnopqrstuvwxyzABCDEFGHIJKLMNOPQRSTUVWX'),
(579, 49, '3abcdefghijklmnopqrstuvwxyzABCDEFGHIJKLMNOPQRSTUVWX'),
(580, 49, '4abcdefghijklmnopqrstuvwxyzABCDEFGHIJKLMNOPQRSTUVWX'),
(581, 49, '5abcdefghijklmnopqrstuvwxyzABCDEFGHIJKLMNOPQRSTUVWX'),
(582, 49, '6abcdefghijklmnopqrstuvwxyzABCDEFGHIJKLMNOPQRSTUVWX'),
(583, 49, '7abcdefghijklmnopqrstuvwxyzABCDEFGHIJKLMNOPQRSTUVWX'),
(584, 49, '8abcdefghijklmnopqrstuvwxyzABCDEFGHIJKLMNOPQRSTUVWX'),
(585, 49, '9abcdefghijklmnopqrstuvwxyzABCDEFGHIJKLMNOPQRSTUVWX'),
(586, 49, '10abcdefghijklmnopqrstuvwxyzABCDEFGHIJKLMNOPQRSTUVWX'),
(587, 49, '11abcdefghijklmnopqrstuvwxyzABCDEFGHIJKLMNOPQRSTUVWX'),
(588, 49, '12abcdefghijklmnopqrstuvwxyzABCDEFGHIJKLMNOPQRSTUVWX'),
(589, 50, '1abcdefghijklmnopqrstuvwxyzABCDEFGHIJKLMNOPQRSTUVWXY'),
(590, 50, '2abcdefghijklmnopqrstuvwxyzABCDEFGHIJKLMNOPQRSTUVWXY'),
(591, 50, '3abcdefghijklmnopqrstuvwxyzABCDEFGHIJKLMNOPQRSTUVWXY'),
(592, 50, '4abcdefghijklmnopqrstuvwxyzABCDEFGHIJKLMNOPQRSTUVWXY'),
(593, 50, '5abcdefghijklmnopqrstuvwxyzABCDEFGHIJKLMNOPQRSTUVWXY'),
(594, 50, '6abcdefghijklmnopqrstuvwxyzABCDEFGHIJKLMNOPQRSTUVWXY'),
(595, 50, '7abcdefghijklmnopqrstuvwxyzABCDEFGHIJKLMNOPQRSTUVWXY'),
(596, 50, '8abcdefghijklmnopqrstuvwxyzABCDEFGHIJKLMNOPQRSTUVWXY'),
(597, 50, '9abcdefghijklmnopqrstuvwxyzABCDEFGHIJKLMNOPQRSTUVWXY'),
(598, 50, '10abcdefghijklmnopqrstuvwxyzABCDEFGHIJKLMNOPQRSTUVWXY'),
(599, 50, '11abcdefghijklmnopqrstuvwxyzABCDEFGHIJKLMNOPQRSTUVWXY'),
(600, 50, '12abcdefghijklmnopqrstuvwxyzABCDEFGHIJKLMNOPQRSTUVWXY'),
(601, 51, '1abcdefghijklmnopqrstuvwxyzABCDEFGHIJKLMNOPQRSTUVWXYZ'),
(602, 51, '2abcdefghijklmnopqrstuvwxyzABCDEFGHIJKLMNOPQRSTUVWXYZ'),
(603, 51, '3abcdefghijklmnopqrstuvwxyzABCDEFGHIJKLMNOPQRSTUVWXYZ'),
(604, 51, '4abcdefghijklmnopqrstuvwxyzABCDEFGHIJKLMNOPQRSTUVWXYZ'),
(605, 51, '5abcdefghijklmnopqrstuvwxyzABCDEFGHIJKLMNOPQRSTUVWXYZ'),
(606, 51, '6abcdefghijklmnopqrstuvwxyzABCDEFGHIJKLMNOPQRSTUVWXYZ'),
(607, 51, '7abcdefghijklmnopqrstuvwxyzABCDEFGHIJKLMNOPQRSTUVWXYZ'),
(608, 51, '8abcdefghijklmnopqrstuvwxyzABCDEFGHIJKLMNOPQRSTUVWXYZ'),
(609, 51, '9abcdefghijklmnopqrstuvwxyzABCDEFGHIJKLMNOPQRSTUVWXYZ'),
(610, 51, '10abcdefghijklmnopqrstuvwxyzABCDEFGHIJKLMNOPQRSTUVWXYZ'),
(611, 51, '11abcdefghijklmnopqrstuvwxyzABCDEFGHIJKLMNOPQRSTUVWXYZ'),
(612, 51, '12abcdefghijklmnopqrstuvwxyzABCDEFGHIJKLMNOPQRSTUVWXYZ'),
(613, 52, '1abcdefghijklmnopqrstuvwxyzABCDEFGHIJKLMNOPQRSTUVWXYZa'),
(614, 52, '2abcdefghijklmnopqrstuvwxyzABCDEFGHIJKLMNOPQRSTUVWXYZa'),
(615, 52, '3abcdefghijklmnopqrstuvwxyzABCDEFGHIJKLMNOPQRSTUVWXYZa'),
(616, 52, '4abcdefghijklmnopqrstuvwxyzABCDEFGHIJKLMNOPQRSTUVWXYZa'),
(617, 52, '5abcdefghijklmnopqrstuvwxyzABCDEFGHIJKLMNOPQRSTUVWXYZa'),
(618, 52, '6abcdefghijklmnopqrstuvwxyzABCDEFGHIJKLMNOPQRSTUVWXYZa'),
(619, 52, '7abcdefghijklmnopqrstuvwxyzABCDEFGHIJKLMNOPQRSTUVWXYZa'),
(620, 52, '8abcdefghijklmnopqrstuvwxyzABCDEFGHIJKLMNOPQRSTUVWXYZa'),
(621, 52, '9abcdefghijklmnopqrstuvwxyzABCDEFGHIJKLMNOPQRSTUVWXYZa'),
(622, 52, '10abcdefghijklmnopqrstuvwxyzABCDEFGHIJKLMNOPQRSTUVWXYZa'),
(623, 52, '11abcdefghijklmnopqrstuvwxyzABCDEFGHIJKLMNOPQRSTUVWXYZa'),
(624, 52, '12abcdefghijklmnopqrstuvwxyzABCDEFGHIJKLMNOPQRSTUVWXYZa'),
(625, 53, '1abcdefghijklmnopqrstuvwxyzABCDEFGHIJKLMNOPQRSTUVWXYZab'),
(626, 53, '2abcdefghijklmnopqrstuvwxyzABCDEFGHIJKLMNOPQRSTUVWXYZab'),
(627, 53, '3abcdefghijklmnopqrstuvwxyzABCDEFGHIJKLMNOPQRSTUVWXYZab'),
(628, 53, '4abcdefghijklmnopqrstuvwxyzABCDEFGHIJKLMNOPQRSTUVWXYZab'),
(629, 53, '5abcdefghijklmnopqrstuvwxyzABCDEFGHIJKLMNOPQRSTUVWXYZab'),
(630, 53, '6abcdefghijklmnopqrstuvwxyzABCDEFGHIJKLMNOPQRSTUVWXYZab'),
(631, 53, '7abcdefghijklmnopqrstuvwxyzABCDEFGHIJKLMNOPQRSTUVWXYZab'),
(632, 53, '8abcdefghijklmnopqrstuvwxyzABCDEFGHIJKLMNOPQRSTUVWXYZab'),
(633, 53, '9abcdefghijklmnopqrstuvwxyzABCDEFGHIJKLMNOPQRSTUVWXYZab'),
(634, 53, '10abcdefghijklmnopqrstuvwxyzABCDEFGHIJKLMNOPQRSTUVWXYZab'),
(635, 53, '11abcdefghijklmnopqrstuvwxyzABCDEFGHIJKLMNOPQRSTUVWXYZab'),
(636, 53, '12abcdefghijklmnopqrstuvwxyzABCDEFGHIJKLMNOPQRSTUVWXYZab'),
(637, 54, '1abcdefghijklmnopqrstuvwxyzABCDEFGHIJKLMNOPQRSTUVWXYZabc'),
(638, 54, '2abcdefghijklmnopqrstuvwxyzABCDEFGHIJKLMNOPQRSTUVWXYZabc'),
(639, 54, '3abcdefghijklmnopqrstuvwxyzABCDEFGHIJKLMNOPQRSTUVWXYZabc'),
(640, 54, '4abcdefghijklmnopqrstuvwxyzABCDEFGHIJKLMNOPQRSTUVWXYZabc'),
(641, 54, '5abcdefghijklmnopqrstuvwxyzABCDEFGHIJKLMNOPQRSTUVWXYZabc'),
(642, 54, '6abcdefghijklmnopqrstuvwxyzABCDEFGHIJKLMNOPQRSTUVWXYZabc'),
(643, 54, '7abcdefghijklmnopqrstuvwxyzABCDEFGHIJKLMNOPQRSTUVWXYZabc'),
(644, 54, '8abcdefghijklmnopqrstuvwxyzABCDEFGHIJKLMNOPQRSTUVWXYZabc'),
(645, 54, '9abcdefghijklmnopqrstuvwxyzABCDEFGHIJKLMNOPQRSTUVWXYZabc'),
(646, 54, '10abcdefghijklmnopqrstuvwxyzABCDEFGHIJKLMNOPQRSTUVWXYZabc'),
(647, 54, '11abcdefghijklmnopqrstuvwxyzABCDEFGHIJKLMNOPQRSTUVWXYZabc'),
(648, 54, '12abcdefghijklmnopqrstuvwxyzABCDEFGHIJKLMNOPQRSTUVWXYZabc'),
(649, 55, '1abcdefghijklmnopqrstuvwxyzABCDEFGHIJKLMNOPQRSTUVWXYZabcd'),
(650, 55, '2abcdefghijklmnopqrstuvwxyzABCDEFGHIJKLMNOPQRSTUVWXYZabcd'),
(651, 55, '3abcdefghijklmnopqrstuvwxyzABCDEFGHIJKLMNOPQRSTUVWXYZabcd'),
(652, 55, '4abcdefghijklmnopqrstuvwxyzABCDEFGHIJKLMNOPQRSTUVWXYZabcd'),
(653, 55, '5abcdefghijklmnopqrstuvwxyzABCDEFGHIJKLMNOPQRSTUVWXYZabcd'),
(654, 55, '6abcdefghijklmnopqrstuvwxyzABCDEFGHIJKLMNOPQRSTUVWXYZabcd'),
(655, 55, '7abcdefghijklmnopqrstuvwxyzABCDEFGHIJKLMNOPQRSTUVWXYZabcd'),
(656, 55, '8abcdefghijklmnopqrstuvwxyzABCDEFGHIJKLMNOPQRSTUVWXYZabcd'),
(657, 55, '9abcdefghijklmnopqrstuvwxyzABCDEFGHIJKLMNOPQRSTUVWXYZabcd'),
(658, 55, '10abcdefghijklmnopqrstuvwxyzABCDEFGHIJKLMNOPQRSTUVWXYZabcd'),
(659, 55, '11abcdefghijklmnopqrstuvwxyzABCDEFGHIJKLMNOPQRSTUVWXYZabcd'),
(660, 55, '12abcdefghijklmnopqrstuvwxyzABCDEFGHIJKLMNOPQRSTUVWXYZabcd'),
(661, 56, '1abcdefghijklmnopqrstuvwxyzABCDEFGHIJKLMNOPQRSTUVWXYZabcde'),
(662, 56, '2abcdefghijklmnopqrstuvwxyzABCDEFGHIJKLMNOPQRSTUVWXYZabcde'),
(663, 56, '3abcdefghijklmnopqrstuvwxyzABCDEFGHIJKLMNOPQRSTUVWXYZabcde'),
(664, 56, '4abcdefghijklmnopqrstuvwxyzABCDEFGHIJKLMNOPQRSTUVWXYZabcde'),
(665, 56, '5abcdefghijklmnopqrstuvwxyzABCDEFGHIJKLMNOPQRSTUVWXYZabcde'),
(666, 56, '6abcdefghijklmnopqrstuvwxyzABCDEFGHIJKLMNOPQRSTUVWXYZabcde'),
(667, 56, '7abcdefghijklmnopqrstuvwxyzABCDEFGHIJKLMNOPQRSTUVWXYZabcde'),
(668, 56, '8abcdefghijklmnopqrstuvwxyzABCDEFGHIJKLMNOPQRSTUVWXYZabcde'),
(669, 56, '9abcdefghijklmnopqrstuvwxyzABCDEFGHIJKLMNOPQRSTUVWXYZabcde'),
(670, 56, '10abcdefghijklmnopqrstuvwxyzABCDEFGHIJKLMNOPQRSTUVWXYZabcde'),
(671, 56, '11abcdefghijklmnopqrstuvwxyzABCDEFGHIJKLMNOPQRSTUVWXYZabcde'),
(672, 56, '12abcdefghijklmnopqrstuvwxyzABCDEFGHIJKLMNOPQRSTUVWXYZabcde'),
(673, 57, '1abcdefghijklmnopqrstuvwxyzABCDEFGHIJKLMNOPQRSTUVWXYZabcdef'),
(674, 57, '2abcdefghijklmnopqrstuvwxyzABCDEFGHIJKLMNOPQRSTUVWXYZabcdef'),
(675, 57, '3abcdefghijklmnopqrstuvwxyzABCDEFGHIJKLMNOPQRSTUVWXYZabcdef'),
(676, 57, '4abcdefghijklmnopqrstuvwxyzABCDEFGHIJKLMNOPQRSTUVWXYZabcdef'),
(677, 57, '5abcdefghijklmnopqrstuvwxyzABCDEFGHIJKLMNOPQRSTUVWXYZabcdef'),
(678, 57, '6abcdefghijklmnopqrstuvwxyzABCDEFGHIJKLMNOPQRSTUVWXYZabcdef'),
(679, 57, '7abcdefghijklmnopqrstuvwxyzABCDEFGHIJKLMNOPQRSTUVWXYZabcdef'),
(680, 57, '8abcdefghijklmnopqrstuvwxyzABCDEFGHIJKLMNOPQRSTUVWXYZabcdef'),
(681, 57, '9abcdefghijklmnopqrstuvwxyzABCDEFGHIJKLMNOPQRSTUVWXYZabcdef'),
(682, 57, '10abcdefghijklmnopqrstuvwxyzABCDEFGHIJKLMNOPQRSTUVWXYZabcdef'),
(683, 57, '11abcdefghijklmnopqrstuvwxyzABCDEFGHIJKLMNOPQRSTUVWXYZabcdef'),
(684, 57, '12abcdefghijklmnopqrstuvwxyzABCDEFGHIJKLMNOPQRSTUVWXYZabcdef'),
(685, 58, '1abcdefghijklmnopqrstuvwxyzABCDEFGHIJKLMNOPQRSTUVWXYZabcdefg'),
(686, 58, '2abcdefghijklmnopqrstuvwxyzABCDEFGHIJKLMNOPQRSTUVWXYZabcdefg'),
(687, 58, '3abcdefghijklmnopqrstuvwxyzABCDEFGHIJKLMNOPQRSTUVWXYZabcdefg'),
(688, 58, '4abcdefghijklmnopqrstuvwxyzABCDEFGHIJKLMNOPQRSTUVWXYZabcdefg'),
(689, 58, '5abcdefghijklmnopqrstuvwxyzABCDEFGHIJKLMNOPQRSTUVWXYZabcdefg'),
(690, 58, '6abcdefghijklmnopqrstuvwxyzABCDEFGHIJKLMNOPQRSTUVWXYZabcdefg'),
(691, 58, '7abcdefghijklmnopqrstuvwxyzABCDEFGHIJKLMNOPQRSTUVWXYZabcdefg'),
(692, 58, '8abcdefghijklmnopqrstuvwxyzABCDEFGHIJKLMNOPQRSTUVWXYZabcdefg'),
(693, 58, '9abcdefghijklmnopqrstuvwxyzABCDEFGHIJKLMNOPQRSTUVWXYZabcdefg'),
(694, 58, '10abcdefghijklmnopqrstuvwxyzABCDEFGHIJKLMNOPQRSTUVWXYZabcdefg'),
(695, 58, '11abcdefghijklmnopqrstuvwxyzABCDEFGHIJKLMNOPQRSTUVWXYZabcdefg'),
(696, 58, '12abcdefghijklmnopqrstuvwxyzABCDEFGHIJKLMNOPQRSTUVWXYZabcdefg'),
(697, 59, '1abcdefghijklmnopqrstuvwxyzABCDEFGHIJKLMNOPQRSTUVWXYZabcdefgh'),
(698, 59, '2abcdefghijklmnopqrstuvwxyzABCDEFGHIJKLMNOPQRSTUVWXYZabcdefgh'),
(699, 59, '3abcdefghijklmnopqrstuvwxyzABCDEFGHIJKLMNOPQRSTUVWXYZabcdefgh'),
(700, 59, '4abcdefghijklmnopqrstuvwxyzABCDEFGHIJKLMNOPQRSTUVWXYZabcdefgh'),
(701, 59, '5abcdefghijklmnopqrstuvwxyzABCDEFGHIJKLMNOPQRSTUVWXYZabcdefgh'),
(702, 59, '6abcdefghijklmnopqrstuvwxyzABCDEFGHIJKLMNOPQRSTUVWXYZabcdefgh'),
(703, 59, '7abcdefghijklmnopqrstuvwxyzABCDEFGHIJKLMNOPQRSTUVWXYZabcdefgh'),
(704, 59, '8abcdefghijklmnopqrstuvwxyzABCDEFGHIJKLMNOPQRSTUVWXYZabcdefgh'),
(705, 59, '9abcdefghijklmnopqrstuvwxyzABCDEFGHIJKLMNOPQRSTUVWXYZabcdefgh'),
(706, 59, '10abcdefghijklmnopqrstuvwxyzABCDEFGHIJKLMNOPQRSTUVWXYZabcdefgh'),
(707, 59, '11abcdefghijklmnopqrstuvwxyzABCDEFGHIJKLMNOPQRSTUVWXYZabcdefgh'),
(708, 59, '12abcdefghijklmnopqrstuvwxyzABCDEFGHIJKLMNOPQRSTUVWXYZabcdefgh'),
(709, 60, '1abcdefghijklmnopqrstuvwxyzABCDEFGHIJKLMNOPQRSTUVWXYZabcdefghi'),
(710, 60, '2abcdefghijklmnopqrstuvwxyzABCDEFGHIJKLMNOPQRSTUVWXYZabcdefghi'),
(711, 60, '3abcdefghijklmnopqrstuvwxyzABCDEFGHIJKLMNOPQRSTUVWXYZabcdefghi'),
(712, 60, '4abcdefghijklmnopqrstuvwxyzABCDEFGHIJKLMNOPQRSTUVWXYZabcdefghi'),
(713, 60, '5abcdefghijklmnopqrstuvwxyzABCDEFGHIJKLMNOPQRSTUVWXYZabcdefghi'),
(714, 60, '6abcdefghijklmnopqrstuvwxyzABCDEFGHIJKLMNOPQRSTUVWXYZabcdefghi'),
(715, 60, '7abcdefghijklmnopqrstuvwxyzABCDEFGHIJKLMNOPQRSTUVWXYZabcdefghi'),
(716, 60, '8abcdefghijklmnopqrstuvwxyzABCDEFGHIJKLMNOPQRSTUVWXYZabcdefghi'),
(717, 60, '9abcdefghijklmnopqrstuvwxyzABCDEFGHIJKLMNOPQRSTUVWXYZabcdefghi'),
(718, 60, '10abcdefghijklmnopqrstuvwxyzABCDEFGHIJKLMNOPQRSTUVWXYZabcdefghi'),
(719, 60, '11abcdefghijklmnopqrstuvwxyzABCDEFGHIJKLMNOPQRSTUVWXYZabcdefghi'),
(720, 60, '12abcdefghijklmnopqrstuvwxyzABCDEFGHIJKLMNOPQRSTUVWXYZabcdefghi'),
(721, 61, '1abcdefghijklmnopqrstuvwxyzABCDEFGHIJKLMNOPQRSTUVWXYZabcdefghij'),
(722, 61, '2abcdefghijklmnopqrstuvwxyzABCDEFGHIJKLMNOPQRSTUVWXYZabcdefghij'),
(723, 61, '3abcdefghijklmnopqrstuvwxyzABCDEFGHIJKLMNOPQRSTUVWXYZabcdefghij'),
(724, 61, '4abcdefghijklmnopqrstuvwxyzABCDEFGHIJKLMNOPQRSTUVWXYZabcdefghij'),
(725, 61, '5abcdefghijklmnopqrstuvwxyzABCDEFGHIJKLMNOPQRSTUVWXYZabcdefghij'),
(726, 61, '6abcdefghijklmnopqrstuvwxyzABCDEFGHIJKLMNOPQRSTUVWXYZabcdefghij'),
(727, 61, '7abcdefghijklmnopqrstuvwxyzABCDEFGHIJKLMNOPQRSTUVWXYZabcdefghij'),
(728, 61, '8abcdefghijklmnopqrstuvwxyzABCDEFGHIJKLMNOPQRSTUVWXYZabcdefghij'),
(729, 61, '9abcdefghijklmnopqrstuvwxyzABCDEFGHIJKLMNOPQRSTUVWXYZabcdefghij'),
(730, 61, '10abcdefghijklmnopqrstuvwxyzABCDEFGHIJKLMNOPQRSTUVWXYZabcdefghij'),
(731, 61, '11abcdefghijklmnopqrstuvwxyzABCDEFGHIJKLMNOPQRSTUVWXYZabcdefghij'),
(732, 61, '12abcdefghijklmnopqrstuvwxyzABCDEFGHIJKLMNOPQRSTUVWXYZabcdefghij'),
(733, 62, '1abcdefghijklmnopqrstuvwxyzABCDEFGHIJKLMNOPQRSTUVWXYZabcdefghijk'),
(734, 62, '2abcdefghijklmnopqrstuvwxyzABCDEFGHIJKLMNOPQRSTUVWXYZabcdefghijk'),
(735, 62, '3abcdefghijklmnopqrstuvwxyzABCDEFGHIJKLMNOPQRSTUVWXYZabcdefghijk'),
(736, 62, '4abcdefghijklmnopqrstuvwxyzABCDEFGHIJKLMNOPQRSTUVWXYZabcdefghijk'),
(737, 62, '5abcdefghijklmnopqrstuvwxyzABCDEFGHIJKLMNOPQRSTUVWXYZabcdefghijk'),
(738, 62, '6abcdefghijklmnopqrstuvwxyzABCDEFGHIJKLMNOPQRSTUVWXYZabcdefghijk'),
(739, 62, '7abcdefghijklmnopqrstuvwxyzABCDEFGHIJKLMNOPQRSTUVWXYZabcdefghijk'),
(740, 62, '8abcdefghijklmnopqrstuvwxyzABCDEFGHIJKLMNOPQRSTUVWXYZabcdefghijk'),
(741, 62, '9abcdefghijklmnopqrstuvwxyzABCDEFGHIJKLMNOPQRSTUVWXYZabcdefghijk'),
(742, 62, '10abcdefghijklmnopqrstuvwxyzABCDEFGHIJKLMNOPQRSTUVWXYZabcdefghijk'),
(743, 62, '11abcdefghijklmnopqrstuvwxyzABCDEFGHIJKLMNOPQRSTUVWXYZabcdefghijk'),
(744, 62, '12abcdefghijklmnopqrstuvwxyzABCDEFGHIJKLMNOPQRSTUVWXYZabcdefghijk'),
(745, 63, '1abcdefghijklmnopqrstuvwxyzABCDEFGHIJKLMNOPQRSTUVWXYZabcdefghijkl'),
(746, 63, '2abcdefghijklmnopqrstuvwxyzABCDEFGHIJKLMNOPQRSTUVWXYZabcdefghijkl'),
(747, 63, '3abcdefghijklmnopqrstuvwxyzABCDEFGHIJKLMNOPQRSTUVWXYZabcdefghijkl'),
(748, 63, '4abcdefghijklmnopqrstuvwxyzABCDEFGHIJKLMNOPQRSTUVWXYZabcdefghijkl'),
(749, 63, '5abcdefghijklmnopqrstuvwxyzABCDEFGHIJKLMNOPQRSTUVWXYZabcdefghijkl'),
(750, 63, '6abcdefghijklmnopqrstuvwxyzABCDEFGHIJKLMNOPQRSTUVWXYZabcdefghijkl'),
(751, 63, '7abcdefghijklmnopqrstuvwxyzABCDEFGHIJKLMNOPQRSTUVWXYZabcdefghijkl'),
(752, 63, '8abcdefghijklmnopqrstuvwxyzABCDEFGHIJKLMNOPQRSTUVWXYZabcdefghijkl'),
(753, 63, '9abcdefghijklmnopqrstuvwxyzABCDEFGHIJKLMNOPQRSTUVWXYZabcdefghijkl'),
(754, 63, '10abcdefghijklmnopqrstuvwxyzABCDEFGHIJKLMNOPQRSTUVWXYZabcdefghijkl'),
(755, 63, '11abcdefghijklmnopqrstuvwxyzABCDEFGHIJKLMNOPQRSTUVWXYZabcdefghijkl'),
(756, 63, '12abcdefghijklmnopqrstuvwxyzABCDEFGHIJKLMNOPQRSTUVWXYZabcdefghijkl'),
(757, 64, '1abcdefghijklmnopqrstuvwxyzABCDEFGHIJKLMNOPQRSTUVWXYZabcdefghijklm'),
(758, 64, '2abcdefghijklmnopqrstuvwxyzABCDEFGHIJKLMNOPQRSTUVWXYZabcdefghijklm'),
(759, 64, '3abcdefghijklmnopqrstuvwxyzABCDEFGHIJKLMNOPQRSTUVWXYZabcdefghijklm'),
(760, 64, '4abcdefghijklmnopqrstuvwxyzABCDEFGHIJKLMNOPQRSTUVWXYZabcdefghijklm'),
(761, 64, '5abcdefghijklmnopqrstuvwxyzABCDEFGHIJKLMNOPQRSTUVWXYZabcdefghijklm'),
(762, 64, '6abcdefghijklmnopqrstuvwxyzABCDEFGHIJKLMNOPQRSTUVWXYZabcdefghijklm'),
(763, 64, '7abcdefghijklmnopqrstuvwxyzABCDEFGHIJKLMNOPQRSTUVWXYZabcdefghijklm'),
(764, 64, '8abcdefghijklmnopqrstuvwxyzABCDEFGHIJKLMNOPQRSTUVWXYZabcdefghijklm'),
(765, 64, '9abcdefghijklmnopqrstuvwxyzABCDEFGHIJKLMNOPQRSTUVWXYZabcdefghijklm'),
(766, 64, '10abcdefghijklmnopqrstuvwxyzABCDEFGHIJKLMNOPQRSTUVWXYZabcdefghijklm'),
(767, 64, '11abcdefghijklmnopqrstuvwxyzABCDEFGHIJKLMNOPQRSTUVWXYZabcdefghijklm'),
(768, 64, '12abcdefghijklmnopqrstuvwxyzABCDEFGHIJKLMNOPQRSTUVWXYZabcdefghijklm'),
(769, 65, '1abcdefghijklmnopqrstuvwxyzABCDEFGHIJKLMNOPQRSTUVWXYZabcdefghijklmn'),
(770, 65, '2abcdefghijklmnopqrstuvwxyzABCDEFGHIJKLMNOPQRSTUVWXYZabcdefghijklmn'),
(771, 65, '3abcdefghijklmnopqrstuvwxyzABCDEFGHIJKLMNOPQRSTUVWXYZabcdefghijklmn'),
(772, 65, '4abcdefghijklmnopqrstuvwxyzABCDEFGHIJKLMNOPQRSTUVWXYZabcdefghijklmn'),
(773, 65, '5abcdefghijklmnopqrstuvwxyzABCDEFGHIJKLMNOPQRSTUVWXYZabcdefghijklmn'),
(774, 65, '6abcdefghijklmnopqrstuvwxyzABCDEFGHIJKLMNOPQRSTUVWXYZabcdefghijklmn'),
(775, 65, '7abcdefghijklmnopqrstuvwxyzABCDEFGHIJKLMNOPQRSTUVWXYZabcdefghijklmn'),
(776, 65, '8abcdefghijklmnopqrstuvwxyzABCDEFGHIJKLMNOPQRSTUVWXYZabcdefghijklmn'),
(777, 65, '9abcdefghijklmnopqrstuvwxyzABCDEFGHIJKLMNOPQRSTUVWXYZabcdefghijklmn'),
(778, 65, '10abcdefghijklmnopqrstuvwxyzABCDEFGHIJKLMNOPQRSTUVWXYZabcdefghijklmn'),
(779, 65, '11abcdefghijklmnopqrstuvwxyzABCDEFGHIJKLMNOPQRSTUVWXYZabcdefghijklmn'),
(780, 65, '12abcdefghijklmnopqrstuvwxyzABCDEFGHIJKLMNOPQRSTUVWXYZabcdefghijklmn'),
(781, 66, '1abcdefghijklmnopqrstuvwxyzABCDEFGHIJKLMNOPQRSTUVWXYZabcdefghijklmno'),
(782, 66, '2abcdefghijklmnopqrstuvwxyzABCDEFGHIJKLMNOPQRSTUVWXYZabcdefghijklmno'),
(783, 66, '3abcdefghijklmnopqrstuvwxyzABCDEFGHIJKLMNOPQRSTUVWXYZabcdefghijklmno'),
(784, 66, '4abcdefghijklmnopqrstuvwxyzABCDEFGHIJKLMNOPQRSTUVWXYZabcdefghijklmno'),
(785, 66, '5abcdefghijklmnopqrstuvwxyzABCDEFGHIJKLMNOPQRSTUVWXYZabcdefghijklmno'),
(786, 66, '6abcdefghijklmnopqrstuvwxyzABCDEFGHIJKLMNOPQRSTUVWXYZabcdefghijklmno'),
(787, 66, '7abcdefghijklmnopqrstuvwxyzABCDEFGHIJKLMNOPQRSTUVWXYZabcdefghijklmno'),
(788, 66, '8abcdefghijklmnopqrstuvwxyzABCDEFGHIJKLMNOPQRSTUVWXYZabcdefghijklmno'),
(789, 66, '9abcdefghijklmnopqrstuvwxyzABCDEFGHIJKLMNOPQRSTUVWXYZabcdefghijklmno'),
(790, 66, '10abcdefghijklmnopqrstuvwxyzABCDEFGHIJKLMNOPQRSTUVWXYZabcdefghijklmno'),
(791, 66, '11abcdefghijklmnopqrstuvwxyzABCDEFGHIJKLMNOPQRSTUVWXYZabcdefghijklmno'),
(792, 66, '12abcdefghijklmnopqrstuvwxyzABCDEFGHIJKLMNOPQRSTUVWXYZabcdefghijklmno'),
(793, 67, '1abcdefghijklmnopqrstuvwxyzABCDEFGHIJKLMNOPQRSTUVWXYZabcdefghijklmnop'),
(794, 67, '2abcdefghijklmnopqrstuvwxyzABCDEFGHIJKLMNOPQRSTUVWXYZabcdefghijklmnop'),
(795, 67, '3abcdefghijklmnopqrstuvwxyzABCDEFGHIJKLMNOPQRSTUVWXYZabcdefghijklmnop'),
(796, 67, '4abcdefghijklmnopqrstuvwxyzABCDEFGHIJKLMNOPQRSTUVWXYZabcdefghijklmnop'),
(797, 67, '5abcdefghijklmnopqrstuvwxyzABCDEFGHIJKLMNOPQRSTUVWXYZabcdefghijklmnop'),
(798, 67, '6abcdefghijklmnopqrstuvwxyzABCDEFGHIJKLMNOPQRSTUVWXYZabcdefghijklmnop'),
(799, 67, '7abcdefghijklmnopqrstuvwxyzABCDEFGHIJKLMNOPQRSTUVWXYZabcdefghijklmnop'),
(800, 67, '8abcdefghijklmnopqrstuvwxyzABCDEFGHIJKLMNOPQRSTUVWXYZabcdefghijklmnop'),
(801, 67, '9abcdefghijklmnopqrstuvwxyzABCDEFGHIJKLMNOPQRSTUVWXYZabcdefghijklmnop'),
(802, 67, '10abcdefghijklmnopqrstuvwxyzABCDEFGHIJKLMNOPQRSTUVWXYZabcdefghijklmnop'),
(803, 67, '11abcdefghijklmnopqrstuvwxyzABCDEFGHIJKLMNOPQRSTUVWXYZabcdefghijklmnop'),
(804, 67, '12abcdefghijklmnopqrstuvwxyzABCDEFGHIJKLMNOPQRSTUVWXYZabcdefghijklmnop'),
(805, 68, '1abcdefghijklmnopqrstuvwxyzABCDEFGHIJKLMNOPQRSTUVWXYZabcdefghijklmnopq'),
(806, 68, '2abcdefghijklmnopqrstuvwxyzABCDEFGHIJKLMNOPQRSTUVWXYZabcdefghijklmnopq'),
(807, 68, '3abcdefghijklmnopqrstuvwxyzABCDEFGHIJKLMNOPQRSTUVWXYZabcdefghijklmnopq'),
(808, 68, '4abcdefghijklmnopqrstuvwxyzABCDEFGHIJKLMNOPQRSTUVWXYZabcdefghijklmnopq'),
(809, 68, '5abcdefghijklmnopqrstuvwxyzABCDEFGHIJKLMNOPQRSTUVWXYZabcdefghijklmnopq'),
(810, 68, '6abcdefghijklmnopqrstuvwxyzABCDEFGHIJKLMNOPQRSTUVWXYZabcdefghijklmnopq'),
(811, 68, '7abcdefghijklmnopqrstuvwxyzABCDEFGHIJKLMNOPQRSTUVWXYZabcdefghijklmnopq'),
(812, 68, '8abcdefghijklmnopqrstuvwxyzABCDEFGHIJKLMNOPQRSTUVWXYZabcdefghijklmnopq'),
(813, 68, '9abcdefghijklmnopqrstuvwxyzABCDEFGHIJKLMNOPQRSTUVWXYZabcdefghijklmnopq'),
(814, 68, '10abcdefghijklmnopqrstuvwxyzABCDEFGHIJKLMNOPQRSTUVWXYZabcdefghijklmnopq'),
(815, 68, '11abcdefghijklmnopqrstuvwxyzABCDEFGHIJKLMNOPQRSTUVWXYZabcdefghijklmnopq'),
(816, 68, '12abcdefghijklmnopqrstuvwxyzABCDEFGHIJKLMNOPQRSTUVWXYZabcdefghijklmnopq'),
(817, 69, '1abcdefghijklmnopqrstuvwxyzABCDEFGHIJKLMNOPQRSTUVWXYZabcdefghijklmnopqr'),
(818, 69, '2abcdefghijklmnopqrstuvwxyzABCDEFGHIJKLMNOPQRSTUVWXYZabcdefghijklmnopqr'),
(819, 69, '3abcdefghijklmnopqrstuvwxyzABCDEFGHIJKLMNOPQRSTUVWXYZabcdefghijklmnopqr'),
(820, 69, '4abcdefghijklmnopqrstuvwxyzABCDEFGHIJKLMNOPQRSTUVWXYZabcdefghijklmnopqr'),
(821, 69, '5abcdefghijklmnopqrstuvwxyzABCDEFGHIJKLMNOPQRSTUVWXYZabcdefghijklmnopqr'),
(822, 69, '6abcdefghijklmnopqrstuvwxyzABCDEFGHIJKLMNOPQRSTUVWXYZabcdefghijklmnopqr'),
(823, 69, '7abcdefghijklmnopqrstuvwxyzABCDEFGHIJKLMNOPQRSTUVWXYZabcdefghijklmnopqr'),
(824, 69, '8abcdefghijklmnopqrstuvwxyzABCDEFGHIJKLMNOPQRSTUVWXYZabcdefghijklmnopqr'),
(825, 69, '9abcdefghijklmnopqrstuvwxyzABCDEFGHIJKLMNOPQRSTUVWXYZabcdefghijklmnopqr'),
(826, 69, '10abcdefghijklmnopqrstuvwxyzABCDEFGHIJKLMNOPQRSTUVWXYZabcdefghijklmnopqr'),
(827, 69, '11abcdefghijklmnopqrstuvwxyzABCDEFGHIJKLMNOPQRSTUVWXYZabcdefghijklmnopqr'),
(828, 69, '12abcdefghijklmnopqrstuvwxyzABCDEFGHIJKLMNOPQRSTUVWXYZabcdefghijklmnopqr'),
(829, 70, '1abcdefghijklmnopqrstuvwxyzABCDEFGHIJKLMNOPQRSTUVWXYZabcdefghijklmnopqrs'),
(830, 70, '2abcdefghijklmnopqrstuvwxyzABCDEFGHIJKLMNOPQRSTUVWXYZabcdefghijklmnopqrs'),
(831, 70, '3abcdefghijklmnopqrstuvwxyzABCDEFGHIJKLMNOPQRSTUVWXYZabcdefghijklmnopqrs'),
(832, 70, '4abcdefghijklmnopqrstuvwxyzABCDEFGHIJKLMNOPQRSTUVWXYZabcdefghijklmnopqrs'),
(833, 70, '5abcdefghijklmnopqrstuvwxyzABCDEFGHIJKLMNOPQRSTUVWXYZabcdefghijklmnopqrs'),
(834, 70, '6abcdefghijklmnopqrstuvwxyzABCDEFGHIJKLMNOPQRSTUVWXYZabcdefghijklmnopqrs'),
(835, 70, '7abcdefghijklmnopqrstuvwxyzABCDEFGHIJKLMNOPQRSTUVWXYZabcdefghijklmnopqrs'),
(836, 70, '8abcdefghijklmnopqrstuvwxyzABCDEFGHIJKLMNOPQRSTUVWXYZabcdefghijklmnopqrs'),
(837, 70, '9abcdefghijklmnopqrstuvwxyzABCDEFGHIJKLMNOPQRSTUVWXYZabcdefghijklmnopqrs'),
(838, 70, '10abcdefghijklmnopqrstuvwxyzABCDEFGHIJKLMNOPQRSTUVWXYZabcdefghijklmnopqrs'),
(839, 70, '11abcdefghijklmnopqrstuvwxyzABCDEFGHIJKLMNOPQRSTUVWXYZabcdefghijklmnopqrs'),
(840, 70, '12abcdefghijklmnopqrstuvwxyzABCDEFGHIJKLMNOPQRSTUVWXYZabcdefghijklmnopqrs'),
(841, 71, '1abcdefghijklmnopqrstuvwxyzABCDEFGHIJKLMNOPQRSTUVWXYZabcdefghijklmnopqrst'),
(842, 71, '2abcdefghijklmnopqrstuvwxyzABCDEFGHIJKLMNOPQRSTUVWXYZabcdefghijklmnopqrst'),
(843, 71, '3abcdefghijklmnopqrstuvwxyzABCDEFGHIJKLMNOPQRSTUVWXYZabcdefghijklmnopqrst'),
(844, 71, '4abcdefghijklmnopqrstuvwxyzABCDEFGHIJKLMNOPQRSTUVWXYZabcdefghijklmnopqrst'),
(845, 71, '5abcdefghijklmnopqrstuvwxyzABCDEFGHIJKLMNOPQRSTUVWXYZabcdefghijklmnopqrst'),
(846, 71, '6abcdefghijklmnopqrstuvwxyzABCDEFGHIJKLMNOPQRSTUVWXYZabcdefghijklmnopqrst'),
(847, 71, '7abcdefghijklmnopqrstuvwxyzABCDEFGHIJKLMNOPQRSTUVWXYZabcdefghijklmnopqrst'),
(848, 71, '8abcdefghijklmnopqrstuvwxyzABCDEFGHIJKLMNOPQRSTUVWXYZabcdefghijklmnopqrst'),
(849, 71, '9abcdefghijklmnopqrstuvwxyzABCDEFGHIJKLMNOPQRSTUVWXYZabcdefghijklmnopqrst'),
(850, 71, '10abcdefghijklmnopqrstuvwxyzABCDEFGHIJKLMNOPQRSTUVWXYZabcdefghijklmnopqrst'),
(851, 71, '11abcdefghijklmnopqrstuvwxyzABCDEFGHIJKLMNOPQRSTUVWXYZabcdefghijklmnopqrst'),
(852, 71, '12abcdefghijklmnopqrstuvwxyzABCDEFGHIJKLMNOPQRSTUVWXYZabcdefghijklmnopqrst'),
(853, 72, '1abcdefghijklmnopqrstuvwxyzABCDEFGHIJKLMNOPQRSTUVWXYZabcdefghijklmnopqrstu'),
(854, 72, '2abcdefghijklmnopqrstuvwxyzABCDEFGHIJKLMNOPQRSTUVWXYZabcdefghijklmnopqrstu'),
(855, 72, '3abcdefghijklmnopqrstuvwxyzABCDEFGHIJKLMNOPQRSTUVWXYZabcdefghijklmnopqrstu'),
(856, 72, '4abcdefghijklmnopqrstuvwxyzABCDEFGHIJKLMNOPQRSTUVWXYZabcdefghijklmnopqrstu'),
(857, 72, '5abcdefghijklmnopqrstuvwxyzABCDEFGHIJKLMNOPQRSTUVWXYZabcdefghijklmnopqrstu'),
(858, 72, '6abcdefghijklmnopqrstuvwxyzABCDEFGHIJKLMNOPQRSTUVWXYZabcdefghijklmnopqrstu'),
(859, 72, '7abcdefghijklmnopqrstuvwxyzABCDEFGHIJKLMNOPQRSTUVWXYZabcdefghijklmnopqrstu'),
(860, 72, '8abcdefghijklmnopqrstuvwxyzABCDEFGHIJKLMNOPQRSTUVWXYZabcdefghijklmnopqrstu'),
(861, 72, '9abcdefghijklmnopqrstuvwxyzABCDEFGHIJKLMNOPQRSTUVWXYZabcdefghijklmnopqrstu'),
(862, 72, '10abcdefghijklmnopqrstuvwxyzABCDEFGHIJKLMNOPQRSTUVWXYZabcdefghijklmnopqrstu'),
(863, 72, '11abcdefghijklmnopqrstuvwxyzABCDEFGHIJKLMNOPQRSTUVWXYZabcdefghijklmnopqrstu'),
(864, 72, '12abcdefghijklmnopqrstuvwxyzABCDEFGHIJKLMNOPQRSTUVWXYZabcdefghijklmnopqrstu'),
(865, 73, '1abcdefghijklmnopqrstuvwxyzABCDEFGHIJKLMNOPQRSTUVWXYZabcdefghijklmnopqrstuv'),
(866, 73, '2abcdefghijklmnopqrstuvwxyzABCDEFGHIJKLMNOPQRSTUVWXYZabcdefghijklmnopqrstuv'),
(867, 73, '3abcdefghijklmnopqrstuvwxyzABCDEFGHIJKLMNOPQRSTUVWXYZabcdefghijklmnopqrstuv'),
(868, 73, '4abcdefghijklmnopqrstuvwxyzABCDEFGHIJKLMNOPQRSTUVWXYZabcdefghijklmnopqrstuv'),
(869, 73, '5abcdefghijklmnopqrstuvwxyzABCDEFGHIJKLMNOPQRSTUVWXYZabcdefghijklmnopqrstuv'),
(870, 73, '6abcdefghijklmnopqrstuvwxyzABCDEFGHIJKLMNOPQRSTUVWXYZabcdefghijklmnopqrstuv'),
(871, 73, '7abcdefghijklmnopqrstuvwxyzABCDEFGHIJKLMNOPQRSTUVWXYZabcdefghijklmnopqrstuv'),
(872, 73, '8abcdefghijklmnopqrstuvwxyzABCDEFGHIJKLMNOPQRSTUVWXYZabcdefghijklmnopqrstuv'),
(873, 73, '9abcdefghijklmnopqrstuvwxyzABCDEFGHIJKLMNOPQRSTUVWXYZabcdefghijklmnopqrstuv'),
(874, 73, '10abcdefghijklmnopqrstuvwxyzABCDEFGHIJKLMNOPQRSTUVWXYZabcdefghijklmnopqrstuv'),
(875, 73, '11abcdefghijklmnopqrstuvwxyzABCDEFGHIJKLMNOPQRSTUVWXYZabcdefghijklmnopqrstuv'),
(876, 73, '12abcdefghijklmnopqrstuvwxyzABCDEFGHIJKLMNOPQRSTUVWXYZabcdefghijklmnopqrstuv'),
(877, 74, '1abcdefghijklmnopqrstuvwxyzABCDEFGHIJKLMNOPQRSTUVWXYZabcdefghijklmnopqrstuvw'),
(878, 74, '2abcdefghijklmnopqrstuvwxyzABCDEFGHIJKLMNOPQRSTUVWXYZabcdefghijklmnopqrstuvw'),
(879, 74, '3abcdefghijklmnopqrstuvwxyzABCDEFGHIJKLMNOPQRSTUVWXYZabcdefghijklmnopqrstuvw'),
(880, 74, '4abcdefghijklmnopqrstuvwxyzABCDEFGHIJKLMNOPQRSTUVWXYZabcdefghijklmnopqrstuvw'),
(881, 74, '5abcdefghijklmnopqrstuvwxyzABCDEFGHIJKLMNOPQRSTUVWXYZabcdefghijklmnopqrstuvw'),
(882, 74, '6abcdefghijklmnopqrstuvwxyzABCDEFGHIJKLMNOPQRSTUVWXYZabcdefghijklmnopqrstuvw'),
(883, 74, '7abcdefghijklmnopqrstuvwxyzABCDEFGHIJKLMNOPQRSTUVWXYZabcdefghijklmnopqrstuvw'),
(884, 74, '8abcdefghijklmnopqrstuvwxyzABCDEFGHIJKLMNOPQRSTUVWXYZabcdefghijklmnopqrstuvw'),
(885, 74, '9abcdefghijklmnopqrstuvwxyzABCDEFGHIJKLMNOPQRSTUVWXYZabcdefghijklmnopqrstuvw'),
(886, 74, '10abcdefghijklmnopqrstuvwxyzABCDEFGHIJKLMNOPQRSTUVWXYZabcdefghijklmnopqrstuvw'),
(887, 74, '11abcdefghijklmnopqrstuvwxyzABCDEFGHIJKLMNOPQRSTUVWXYZabcdefghijklmnopqrstuvw'),
(888, 74, '12abcdefghijklmnopqrstuvwxyzABCDEFGHIJKLMNOPQRSTUVWXYZabcdefghijklmnopqrstuvw'),
(889, 75, '1abcdefghijklmnopqrstuvwxyzABCDEFGHIJKLMNOPQRSTUVWXYZabcdefghijklmnopqrstuvwx'),
(890, 75, '2abcdefghijklmnopqrstuvwxyzABCDEFGHIJKLMNOPQRSTUVWXYZabcdefghijklmnopqrstuvwx'),
(891, 75, '3abcdefghijklmnopqrstuvwxyzABCDEFGHIJKLMNOPQRSTUVWXYZabcdefghijklmnopqrstuvwx'),
(892, 75, '4abcdefghijklmnopqrstuvwxyzABCDEFGHIJKLMNOPQRSTUVWXYZabcdefghijklmnopqrstuvwx'),
(893, 75, '5abcdefghijklmnopqrstuvwxyzABCDEFGHIJKLMNOPQRSTUVWXYZabcdefghijklmnopqrstuvwx'),
(894, 75, '6abcdefghijklmnopqrstuvwxyzABCDEFGHIJKLMNOPQRSTUVWXYZabcdefghijklmnopqrstuvwx'),
(895, 75, '7abcdefghijklmnopqrstuvwxyzABCDEFGHIJKLMNOPQRSTUVWXYZabcdefghijklmnopqrstuvwx'),
(896, 75, '8abcdefghijklmnopqrstuvwxyzABCDEFGHIJKLMNOPQRSTUVWXYZabcdefghijklmnopqrstuvwx'),
(897, 75, '9abcdefghijklmnopqrstuvwxyzABCDEFGHIJKLMNOPQRSTUVWXYZabcdefghijklmnopqrstuvwx'),
(898, 75, '10abcdefghijklmnopqrstuvwxyzABCDEFGHIJKLMNOPQRSTUVWXYZabcdefghijklmnopqrstuvwx'),
(899, 75, '11abcdefghijklmnopqrstuvwxyzABCDEFGHIJKLMNOPQRSTUVWXYZabcdefghijklmnopqrstuvwx'),
(900, 75, '12abcdefghijklmnopqrstuvwxyzABCDEFGHIJKLMNOPQRSTUVWXYZabcdefghijklmnopqrstuvwx'),
(901, 81, 'Test workbook');

--
-- Indexes for dumped tables
--

--
-- Indexes for table `lesson`
--
ALTER TABLE `lesson`
  ADD PRIMARY KEY (`lesson_id`);

--
-- Indexes for table `module`
--
ALTER TABLE `module`
  ADD PRIMARY KEY (`module_id`);

--
-- Indexes for table `subject`
--
ALTER TABLE `subject`
  ADD PRIMARY KEY (`subject_id`);

--
-- Indexes for table `workbook`
--
ALTER TABLE `workbook`
  ADD PRIMARY KEY (`workbook_id`);

--
-- AUTO_INCREMENT for dumped tables
--

--
-- AUTO_INCREMENT for table `lesson`
--
ALTER TABLE `lesson`
  MODIFY `lesson_id` int NOT NULL AUTO_INCREMENT, AUTO_INCREMENT=18;

--
-- AUTO_INCREMENT for table `module`
--
ALTER TABLE `module`
  MODIFY `module_id` int NOT NULL AUTO_INCREMENT, AUTO_INCREMENT=82;

--
-- AUTO_INCREMENT for table `subject`
--
ALTER TABLE `subject`
  MODIFY `subject_id` int NOT NULL AUTO_INCREMENT, AUTO_INCREMENT=6;

--
-- AUTO_INCREMENT for table `workbook`
--
ALTER TABLE `workbook`
  MODIFY `workbook_id` int NOT NULL AUTO_INCREMENT, AUTO_INCREMENT=902;

--
-- Constraints for dumped tables
--

--
-- Constraints for table `lesson`
--
ALTER TABLE `lesson`
  ADD CONSTRAINT `lesson_ibfk_1` FOREIGN KEY (`subject_id`) REFERENCES `subject` (`subject_id`);

--
-- Constraints for table `module`
--
ALTER TABLE `module`
  ADD CONSTRAINT `module_ibfk_1` FOREIGN KEY (`lesson_id`) REFERENCES `lesson` (`lesson_id`);
COMMIT;

/*!40101 SET CHARACTER_SET_CLIENT=@OLD_CHARACTER_SET_CLIENT */;
/*!40101 SET CHARACTER_SET_RESULTS=@OLD_CHARACTER_SET_RESULTS */;
/*!40101 SET COLLATION_CONNECTION=@OLD_COLLATION_CONNECTION */;
